﻿{
  "data": [
    {
      "id": "京N8P8F8",
      "content": "75KM/h",
      "speed": "80KM/h",
      "load": "货车"
    },
    {
      "id": "川C23412",
      "content": "73KM/h",
      "speed": "79KM/h",
      "load": "小汽车"
    },
    {
      "id": "豫A7Y531",
      "content": "70KM/h",
      "speed": "76KM/h",
      "load": "小汽车"
    },
    {
      "id": "晋AH0L05",
      "content": "72KM/h",
      "speed": "80KM/h",
      "load": "客车"
    },
   {
      "id": "川A92342",
      "content": "70KM/h",
      "speed": "79KM/h",
      "load": "货车"
    }
  ]
}
