{"data":
[{"check":"","id":"一类","title":"火灾事故","type":"长滩隧道","person":"200米"},
  {"check":"","id":"三类","title":"车辆碰撞事故","type":"大湾隧道","person":"100米"},
  {"check":"","id":"一类","title":"火灾事故","type":"米苍山隧道","person":"200米"},
  {"check":"","id":"四类","title":"道路滑坡事故","type":"玉峰山隧道","person":"300米"},
  {"check":"","id":"七类","title":"交通拥堵事故","type":"花果山隧道","person":"100米"},
  {"check":"","id":"三类","title":"车辆碰撞事故","type":"庙梁隧道","person":"200米"},
  {"check":"","id":"一类","title":"火灾事故","type":"莲花山隧道","person":"200米"},
  {"check":"","id":"二类","title":"塌方事故","type":"龙泉山隧道","person":"100米"},
  {"check":"","id":"三类","title":"车辆碰撞事故","type":"括苍山隧道","person":"300米"}
]}